1 1 0,230298913043478 2,84442934782609 0,000150240384615385 0,1158357771261
1 2 0,207880434782609 2,84171195652174 7,51201923076923E-05 0,1158357771261
1 3 0,0971467391304348 1,75339673913043 0,000751201923076923 0,105571847507331
1 4 0,27445652173913 1,58763586956522 0 0,25366568914956
1 5 0,192934782608696 1,88654891304348 0,000257554945054945 0,124633431085044
1 6 0,223505434782609 2,76630434782609 0,0101304945054945 0,118768328445748
1 7 0,186820652173913 1,59103260869565 0,00163118131868132 0,133431085043988
1 8 0,174592391304348 2,69021739130435 0,0109031593406593 0,127565982404692
2 1 0,157608695652174 1,64130434782609 0 0,107038123167155
2 2 0,182744565217391 1,65489130434783 0,0106670673076923 0,256598240469208
2 3 0,20991847826087 1,77989130434783 0,00250042925824176 0,224340175953079
2 4 0,241847826086957 1,39470108695652 2,14629120879121E-05 0,299120234604106
2 5 0,211277173913043 1,49524456521739 8,58516483516484E-05 0,178885630498534
2 6 0,150135869565217 1,8023097826087 0,00491500686813187 0,126099706744868
2 7 0,202445652173913 1,67527173913043 0,000300480769230769 0,155425219941349
2 8 0,190217391304348 1,86073369565217 6,43887362637363E-05 0,12316715542522
3 1 0,186141304347826 1,65964673913043 1,0731456043956E-05 0,228739002932551
3 2 0,244565217391304 1,70516304347826 0,000118046016483516 0,244868035190616
3 3 0,228260869565217 1,92459239130435 2,14629120879121E-05 0,206744868035191
3 4 0,230298913043478 1,78057065217391 0 0,244868035190616
3 5 0,223505434782609 1,69157608695652 0,0172132554945055 0,158357771260997
3 6 0,223505434782609 1,85122282608696 0,00598815247252747 0,168621700879765
3 7 0,208559782608696 1,55298913043478 0,00138435782967033 0,0777126099706745
3 8 0,203804347826087 2,38994565217391 2,14629120879121E-05 0,190615835777126
4 1 0,268342391304348 1,66711956521739 0,000128777472527473 0,382697947214076
4 2 0,154891304347826 1,41032608695652 0,0145303914835165 0,247800586510264
4 3 0,371603260869565 1,08695652173913 0,00112680288461538 0,429618768328446
4 4 0,255434782608696 1,25339673913043 0,00343406593406593 0,36950146627566
4 5 0,199048913043478 1,5101902173913 0,0578425480769231 0,189149560117302
4 6 0,261548913043478 1,93546195652174 0,000493646978021978 0,256598240469208
4 7 0,254755434782609 1,32744565217391 0,0154318337912088 0,250733137829912
4 8 0,264266304347826 1,24388586956522 0,0497510302197802 0,256598240469208
5 1 0,207201086956522 2,79959239130435 0,000139508928571429 0,139296187683284
5 2 0,200407608695652 1,58016304347826 0,000311212225274725 0,152492668621701
5 3 0,198369565217391 1,78532608695652 3,21943681318681E-05 0,159824046920821
5 4 0,221467391304348 1,50475543478261 5,36572802197802E-05 0,278592375366569
5 5 0,203804347826087 1,84442934782609 0 0,145161290322581
5 6 0,260869565217391 1,77513586956522 0 0,219941348973607
5 7 0,1875 1,99048913043478 4,29258241758242E-05 0,139296187683284
5 8 0,190217391304348 1,74592391304348 0,000697544642857143 0,127565982404692
6 1 0,13383152173913 1,4945652173913 0,000279017857142857 0,237536656891496
6 2 0,175951086956522 1,84646739130435 0,00520475618131868 0,24633431085044
6 3 0,21195652173913 2,49592391304348 0,00116972870879121 0,293255131964809
6 4 0,25 2,7914402173913 0,00500085851648352 0,23900293255132
6 5 0,201766304347826 1,97622282608696 0,00983001373626374 0,193548387096774
6 6 0,204483695652174 2,78940217391304 0,015614268543956 0,171554252199413
6 7 0,19633152173913 1,67934782608696 0,00120192307692308 0,168621700879765
6 8 0,208559782608696 1,49184782608696 0,000321943681318681 0,180351906158358
7 1 0,198369565217391 1,80502717391304 0,0780928056318681 0,152492668621701
7 2 0,254755434782609 1,29076086956522 0,0766977163461538 0,145161290322581
7 3 0,230298913043478 1,30366847826087 0,0855189732142857 0,140762463343109
7 4 0,341032608695652 1,17663043478261 0,00112680288461538 0,334310850439883
7 5 0,266304347826087 1,59986413043478 0,000740470467032967 0,282991202346041
7 6 0,262228260869565 1,36684782608696 1,0731456043956E-05 0,272727272727273
7 7 0,237092391304348 1,48097826086957 0,000643887362637363 0,218475073313783
7 8 0,117527173913043 1,75067934782609 0,0784362122252747 0,219941348973607
8 1 0,229619565217391 1,28125 0,00462525755494506 0,337243401759531
8 2 0,259510869565217 1,75815217391304 0,00046145260989011 0,316715542521994
8 3 0,17866847826087 1,44497282608696 4,29258241758242E-05 0,249266862170088
8 4 0,171875 1,56929347826087 0,00937929258241758 0,0967741935483871
8 5 0,199048913043478 1,81929347826087 0,00499012706043956 0,139296187683284
8 6 0,216032608695652 1,59986413043478 0,0140474759615385 0,159824046920821
8 7 0,214673913043478 1,78872282608696 0,000193166208791209 0,215542521994135
8 8 0,201766304347826 2,38586956521739 6,43887362637363E-05 0,195014662756598
9 1 0,216711956521739 1,40625 0,0124914148351648 0,124633431085044
9 2 0,222146739130435 1,42391304347826 0,000171703296703297 0,237536656891496
9 3 0,234375 1,50339673913043 0,020260989010989 0,193548387096774
9 4 0,253396739130435 1,47690217391304 0,000225360576923077 0,241935483870968
9 5 0,210597826086957 1,65760869565217 0,000397063873626374 0,0571847507331378
9 6 0,223505434782609 1,54076086956522 0,000150240384615385 0,133431085043988
9 7 0,0951086956521739 1,83220108695652 0,00202824519230769 0,0821114369501466
9 8 0,205842391304348 1,76290760869565 8,58516483516484E-05 0,102639296187683
10 1 0,203804347826087 1,37432065217391 0,0448896806318681 0,23900293255132
10 2 0,243885869565217 1,43138586956522 0,0279554429945055 0,274193548387097
10 3 0,234375 1,44225543478261 0,0192522321428571 0,211143695014663
10 4 0,393342391304348 0,911005434782609 8,58516483516484E-05 0,463343108504399
10 5 0,290760869565217 1,60258152173913 0,000182434752747253 0,208211143695015
10 6 0,223505434782609 1,63926630434783 0,0240921188186813 0,152492668621701
10 7 0,283288043478261 1,45584239130435 0,0709778502747253 0,233137829912023
10 8 0,217391304347826 1,49592391304348 0,0550952953296703 0,206744868035191
11 1 0,17866847826087 1,68478260869565 0,000203897664835165 0,221407624633431
11 2 0,213315217391304 2,0991847826087 0,00928270947802198 0,30791788856305
11 3 0,217391304347826 2,4633152173913 0,000118046016483516 0,241935483870968
11 4 0,220788043478261 1,61616847826087 0,000912173763736264 0,237536656891496
11 5 0,141983695652174 1,69021739130435 0,00646033653846154 0,158357771260997
11 6 0,213994565217391 1,65489130434783 0,000611692994505495 0,0879765395894428
11 7 0,190217391304348 1,54891304347826 0,00167410714285714 0,200879765395894
11 8 0,266304347826087 2,17459239130435 2,14629120879121E-05 0,174486803519062
12 1 0,264266304347826 1,48097826086957 5,36572802197802E-05 0,284457478005865
12 2 0,208559782608696 1,90353260869565 0,000118046016483516 0,126099706744868
12 3 0,216711956521739 1,69497282608696 0,000343406593406593 0,218475073313783
12 4 0,203804347826087 1,44429347826087 0,000279017857142857 0,180351906158358
12 5 0,275815217391304 1,34171195652174 0 0,297653958944282
12 6 0,205163043478261 1,71195652173913 7,51201923076923E-05 0,162756598240469
12 7 0,217391304347826 1,72554347826087 0 0,209677419354839
12 8 0,192255434782609 1,83967391304348 1,0731456043956E-05 0,149560117302053
13 1 0,211277173913043 2,19836956521739 0,010731456043956 0,231671554252199
13 2 0,245244565217391 1,49592391304348 0,0427433894230769 0,222873900293255
13 3 0,249320652173913 1,37296195652174 0,0418419471153846 0,24633431085044
13 4 0,220108695652174 1,54347826086957 0,000343406593406593 0,101173020527859
13 5 0,244565217391304 1,59307065217391 0,000279017857142857 0,19941348973607
13 6 0,226902173913043 1,8539402173913 0,0224824004120879 0,215542521994135
13 7 0,276494565217391 1,33288043478261 0,0364762190934066 0,282991202346041
13 8 0,239809782608696 1,52717391304348 0,0631224244505495 0,219941348973607
14 1 0,224184782608696 1,75883152173913 0,0254335508241758 0,140762463343109
14 2 0,170516304347826 1,44429347826087 0,0421424278846154 0,149560117302053
14 3 0,221467391304348 1,2445652173913 0,0433980082417582 0,117302052785924
14 4 0,263586956521739 1,59782608695652 0,053228021978022 0,190615835777126
14 5 0,251358695652174 2,53940217391304 0,0162796188186813 0,252199413489736
14 6 0,244565217391304 1,50271739130435 0,000193166208791209 0,222873900293255
14 7 0,242527173913043 1,62160326086957 0,00286529876373626 0,236070381231672
14 8 0,222146739130435 1,34307065217391 0,000203897664835165 0,212609970674487
15 1 0,208559782608696 1,97554347826087 6,43887362637363E-05 0,156891495601173
15 2 0,161684782608696 1,86888586956522 0,00451794299450549 0,165689149560117
15 3 0,210597826086957 2,29483695652174 0,000128777472527473 0,13782991202346
15 4 0,168478260869565 1,52853260869565 0,00452867445054945 0,117302052785924
15 5 0,193614130434783 1,64877717391304 0 0,118768328445748
15 6 0,205842391304348 1,6460597826087 0,000214629120879121 0,178885630498534
15 7 0,167119565217391 2,60190217391304 0,0141225961538462 0,136363636363636
15 8 0,197010869565217 1,62364130434783 0,00588083791208791 0,222873900293255
16 1 0,134510869565217 1,70923913043478 0 0,164222873900293
16 2 0,204483695652174 2,58423913043478 1,0731456043956E-05 0,18475073313783
16 3 0,370923913043478 1,02377717391304 0 0,458944281524927
16 4 0,19429347826087 1,60326086956522 0,000804859203296703 0,190615835777126
16 5 0,190217391304348 1,53057065217391 7,51201923076923E-05 0,183284457478006
16 6 0,205163043478261 1,49728260869565 0 0,175953079178886
16 7 0,216032608695652 2,71399456521739 0,00010731456043956 0,155425219941349
16 8 0,200407608695652 1,60054347826087 2,14629120879121E-05 0,153958944281525
17 1 0,273777173913043 1,1929347826087 0,0323231456043956 0,297653958944282
17 2 0,260869565217391 1,25 0,052498282967033 0,215542521994135
17 3 0,277173913043478 1,1304347826087 0,0316577953296703 0,293255131964809
17 4 0,310461956521739 1,05366847826087 0,000719007554945055 0,363636363636364
17 5 0,203125 1,38654891304348 0,0201322115384615 0,187683284457478
17 6 0,208559782608696 1,37092391304348 0,00873540521978022 0,219941348973607
17 7 0,212635869565217 1,48369565217391 0,0155391483516484 0,13782991202346
17 8 0,230978260869565 1,39809782608696 0,0144230769230769 0,212609970674487
18 1 0,20991847826087 1,51358695652174 0,000289749313186813 0,159824046920821
18 2 0,215353260869565 2,10597826086957 0,000719007554945055 0,152492668621701
18 3 0,208559782608696 1,72282608695652 0,00370235233516484 0,161290322580645
18 4 0,15625 1,77173913043478 0,0108816964285714 0,127565982404692
18 5 0,150815217391304 2,84375 0,00170630151098901 0,109970674486804
18 6 0,198369565217391 2,02717391304348 6,43887362637363E-05 0,124633431085044
18 7 0,197010869565217 1,84375 0,000761933379120879 0,121700879765396
18 8 0,237092391304348 0,754755434782609 0,000354138049450549 0,175953079178886
19 1 0,319972826086957 0,947690217391304 0,00162044986263736 0,442815249266862
19 2 0,336277173913043 0,136548913043478 0,00106241414835165 0,304985337243402
19 3 0,213315217391304 1,63179347826087 0,000193166208791209 0,249266862170088
19 4 0,162364130434783 1,91983695652174 0,105533138736264 0,151026392961877
19 5 0,1875 1,46671195652174 0,033686040521978 0,219941348973607
19 6 0,167119565217391 0,369565217391304 0,0182220123626374 0,19208211143695
19 7 0,209239130434783 2,54483695652174 0,0315826751373626 0,136363636363636
19 8 0,222826086956522 1,47146739130435 0,00371308379120879 0,114369501466276
20 1 0,199048913043478 1,546875 0,000268286401098901 0,164222873900293
20 2 0,19429347826087 1,5883152173913 0,050051510989011 0,13782991202346
20 3 0,195652173913043 1,64945652173913 0,00438916552197802 0,0791788856304985
20 4 0,197690217391304 1,31046195652174 0,0118904532967033 0,134897360703812
20 5 0,165760869565217 1,56114130434783 0,000354138049450549 0,107038123167155
20 6 0,182744565217391 1,56657608695652 0,0451472355769231 0,0821114369501466
20 7 0,201766304347826 1,43342391304348 0,034426510989011 0,0909090909090909
20 8 0,201086956521739 1,84986413043478 0,0230404361263736 0,0967741935483871
21 1 0,205842391304348 2,70380434782609 0,000719007554945055 0,218475073313783
21 2 0,209239130434783 1,51154891304348 0,0047111092032967 0,195014662756598
21 3 0,202445652173913 1,85190217391304 0,00360576923076923 0,165689149560117
21 4 0,101902173913043 1,57404891304348 0,000236092032967033 0,063049853372434
21 5 0,275815217391304 1,6148097826087 1,0731456043956E-05 0,296187683284457
21 6 0,219429347826087 2,44565217391304 0,000579498626373626 0,227272727272727
21 7 0,203125 1,94157608695652 0 0,208211143695015
21 8 0,195652173913043 1,91847826086957 9,65831043956044E-05 0,167155425219941
22 1 0,223505434782609 1,46263586956522 5,36572802197802E-05 0,340175953079179
22 2 0,222826086956522 1,45448369565217 0 0,272727272727273
22 3 0,220108695652174 1,4116847826087 0,000203897664835165 0,221407624633431
22 4 0,215353260869565 1,42866847826087 0,000160971840659341 0,262463343108504
22 5 0,182065217391304 1,57744565217391 0,000676081730769231 0,0850439882697947
22 6 0,205163043478261 2,77038043478261 7,51201923076923E-05 0,181818181818182
22 7 0,199728260869565 1,53804347826087 2,14629120879121E-05 0,162756598240469
22 8 0,174592391304348 1,52853260869565 0,00415307348901099 0,127565982404692
23 1 0,205163043478261 2,21535326086957 0,0420780391483516 0,114369501466276
23 2 0,176630434782609 1,5991847826087 0,0249828296703297 0,109970674486804
23 3 0,169157608695652 1,13315217391304 0,00170630151098901 0,06158357771261
23 4 0,201086956521739 1,48641304347826 0,00406722184065934 0,0689149560117302
23 5 0,192934782608696 1,48641304347826 0 0,168621700879765
23 6 0,19429347826087 1,77241847826087 0,000386332417582418 0,0659824046920821
23 7 0,199048913043478 1,48029891304348 0 0,158357771260997
23 8 0,185461956521739 1,7601902173913 0 0,0879765395894428
24 1 0,221467391304348 2,66440217391304 5,36572802197802E-05 0,159824046920821
24 2 0,224864130434783 2,5523097826087 0,00128777472527473 0,196480938416422
24 3 0,22554347826087 1,73641304347826 0,000429258241758242 0,240469208211144
24 4 0,214673913043478 2,10529891304348 0,000429258241758242 0,224340175953079
24 5 0,177309782608696 1,44565217391304 0,000622424450549451 0,221407624633431
24 6 0,207880434782609 1,63926630434783 0,00647106799450549 0,175953079178886
24 7 0,199048913043478 1,71671195652174 0,00582718063186813 0,158357771260997
24 8 0,228940217391304 1,45040760869565 0,00140582074175824 0,165689149560117
25 1 0,245244565217391 1,34986413043478 0,0463276957417582 0,252199413489736
25 2 0,194972826086957 1,45584239130435 0,00676081730769231 0,225806451612903
25 3 0,262907608695652 1,62975543478261 0,000429258241758242 0,280058651026393
25 4 0,224184782608696 2,00883152173913 0,0345982142857143 0,187683284457478
25 5 0,20991847826087 1,51222826086957 0,0944582760989011 0,187683284457478
25 6 0,230978260869565 1,37635869565217 0,00142728365384615 0,195014662756598
25 7 0,209239130434783 1,63586956521739 0,0714500343406593 0,161290322580645
25 8 0,143342391304348 1,41576086956522 0,00661057692307692 0,173020527859238
26 1 0,239809782608696 1,94021739130435 0,00010731456043956 0,186217008797654
26 2 0,188179347826087 1,78872282608696 0,00148094093406593 0,151026392961877
26 3 0,154891304347826 1,81046195652174 0,0021248282967033 0,211143695014663
26 4 0,19429347826087 2,07540760869565 0,000450721153846154 0,151026392961877
26 5 0,198369565217391 1,95244565217391 0,000343406593406593 0,108504398826979
26 6 0,207201086956522 1,46671195652174 0,00127704326923077 0,183284457478006
26 7 0,203804347826087 1,73369565217391 0,00739397321428571 0,109970674486804
26 8 0,213994565217391 1,84035326086957 0,000150240384615385 0,143695014662757
27 1 0,283967391304348 1,93070652173913 0,0173849587912088 0,303519061583578
27 2 0,205163043478261 1,47010869565217 0,00125558035714286 0,121700879765396
27 3 0,21195652173913 1,38111413043478 0,0451257726648352 0,209677419354839
27 4 0,237092391304348 1,51970108695652 0,0028331043956044 0,102639296187683
27 5 0,20991847826087 1,55910326086957 0,000847785027472528 0,215542521994135
27 6 0,236413043478261 1,74728260869565 0,000472184065934066 0,266862170087977
27 7 0,22758152173913 1,51494565217391 0,0120728880494505 0,205278592375367
27 8 0,237092391304348 1,53532608695652 0,000837053571428571 0,250733137829912
28 1 0,163722826086957 2,23641304347826 0,0283632383241758 0,277126099706745
28 2 0,21195652173913 1,26902173913043 0,0164405906593407 0,196480938416422
28 3 0,171875 1,72961956521739 0,016848385989011 0,200879765395894
28 4 0,203125 1,50611413043478 0,0031013907967033 0,1158357771261
28 5 0,283288043478261 1,9945652173913 0,00281164148351648 0,297653958944282
28 6 0,222146739130435 1,7289402173913 0,0119441105769231 0,129032258064516
28 7 0,250679347826087 1,68138586956522 0,0278695913461538 0,211143695014663
28 8 0,230978260869565 1,66711956521739 0,0602571256868132 0,180351906158358
29 1 0,264266304347826 1,421875 0,0567157451923077 0,222873900293255
29 2 0,220788043478261 1,68546195652174 0,013425051510989 0,095307917888563
29 3 0,198369565217391 1,79347826086957 0,00307992788461538 0,234604105571848
29 4 0,347146739130435 1,96739130434783 7,51201923076923E-05 0,373900293255132
29 5 0,24320652173913 1,4476902173913 0,00046145260989011 0,26099706744868
29 6 0,136548913043478 1,61005434782609 0,0183937156593407 0,183284457478006
29 7 0,195652173913043 1,58627717391304 0,0201322115384615 0,178885630498534
29 8 0,230298913043478 1,76766304347826 0,0168161916208791 0,134897360703812
30 1 0,224864130434783 1,5883152173913 0,00221067994505495 0,151026392961877
30 2 0,199048913043478 1,48777173913043 0,0295973557692308 0,133431085043988
30 3 0,215353260869565 1,69429347826087 0,0125450721153846 0,170087976539589
30 4 0,203125 1,67323369565217 0,00051510989010989 0,164222873900293
30 5 0,212635869565217 1,60801630434783 0 0,151026392961877
30 6 0,197690217391304 1,51154891304348 0,0162044986263736 0,117302052785924
30 7 0,141304347826087 2,72826086956522 0,0414448832417582 0,161290322580645
30 8 0,1875 1,67527173913043 0,00183507898351648 0,104105571847507
31 1 0,192255434782609 1,81046195652174 0,0759894402472528 0,117302052785924
31 2 0,171875 1,38722826086957 0,0772450206043956 0,146627565982405
31 3 0,209239130434783 2,1616847826087 0,00040779532967033 0,214076246334311
31 4 0,184103260869565 2,76358695652174 0,00956172733516484 0,108504398826979
31 5 0,197690217391304 1,60258152173913 0,0110533997252747 0,117302052785924
31 6 0,184103260869565 2,72146739130435 0,00598815247252747 0,164222873900293
31 7 0,216032608695652 1,52309782608696 5,36572802197802E-05 0,211143695014663
31 8 0,181385869565217 2,68138586956522 0 0,136363636363636
32 1 0,237771739130435 1,54755434782609 0,000171703296703297 0,249266862170088
32 2 0,21195652173913 1,5366847826087 3,21943681318681E-05 0,148093841642229
32 3 0,208559782608696 1,73369565217391 7,51201923076923E-05 0,145161290322581
32 4 0,248641304347826 2,54959239130435 0,00548377403846154 0,17741935483871
32 5 0,230298913043478 1,69836956521739 1,0731456043956E-05 0,209677419354839
32 6 0,184103260869565 2,75203804347826 0,00475403502747253 0,0894428152492669
32 7 0,0883152173913044 1,69565217391304 0,000236092032967033 0,170087976539589
32 8 0,231657608695652 1,44021739130435 0,00166337568681319 0,105571847507331
33 1 0,261548913043478 1,15828804347826 0 0,281524926686217
33 2 0,19633152173913 1,68138586956522 1,0731456043956E-05 0,159824046920821
33 3 0,241847826086957 2,55163043478261 0,000214629120879121 0,209677419354839
33 4 0,189538043478261 1,46875 0,0370235233516484 0,108504398826979
33 5 0,205842391304348 1,60665760869565 0,0110104739010989 0,178885630498534
33 6 0,177309782608696 1,7445652173913 0,00575206043956044 0,131964809384164
33 7 0,197010869565217 1,61209239130435 0,00810224931318681 0,108504398826979
33 8 0,186820652173913 1,63383152173913 0 0,142228739002933
34 1 0,229619565217391 1,66372282608696 0,00252189217032967 0,212609970674487
34 2 0,202445652173913 1,74864130434783 0,0423892513736264 0,196480938416422
34 3 0,218070652173913 1,71671195652174 0,0226219093406593 0,206744868035191
34 4 0,205842391304348 1,44361413043478 0,00056876717032967 0,180351906158358
34 5 0,176630434782609 2,13858695652174 0,000622424450549451 0,161290322580645
34 6 0,124320652173913 1,59510869565217 1,0731456043956E-05 0,12316715542522
34 7 0,190896739130435 1,4789402173913 0 0,173020527859238
34 8 0,258152173913043 1,5835597826087 0 0,25366568914956
35 1 0,197690217391304 1,61752717391304 0,00126631181318681 0,161290322580645
35 2 0,188179347826087 1,97961956521739 0,00131996909340659 0,142228739002933
35 3 0,189538043478261 1,78736413043478 0,00150240384615385 0,13049853372434
35 4 0,202445652173913 1,47690217391304 0,00196385645604396 0,134897360703812
35 5 0,193614130434783 1,74184782608696 0,0028331043956044 0,0982404692082111
35 6 0,205842391304348 1,43410326086957 0,00582718063186813 0,136363636363636
35 7 0,207880434782609 1,65013586956522 0,000150240384615385 0,142228739002933
35 8 0,238451086956522 2,71875 0 0,136363636363636
36 1 0,233695652173913 1,48505434782609 0 0,215542521994135
36 2 0,212635869565217 1,66372282608696 0,0514466002747253 0,17741935483871
36 3 0,148097826086957 1,84375 0,000429258241758242 0,162756598240469
36 4 0,180027173913043 1,7445652173913 0,0471969436813187 0,153958944281525
36 5 0,231657608695652 1,19021739130435 0,00341260302197802 0,24633431085044
36 6 0,254755434782609 1,25 0,00823102678571429 0,203812316715543
36 7 0,195652173913043 1,72758152173913 0,0031013907967033 0,178885630498534
36 8 0,251358695652174 1,3023097826087 0,0118797218406593 0,126099706744868
37 1 0,240489130434783 1,73777173913043 0,0185976133241758 0,262463343108504
37 2 0,260869565217391 1,96875 0,00010731456043956 0,293255131964809
37 3 0,222826086956522 1,79211956521739 0,000397063873626374 0,26099706744868
37 4 0,199048913043478 2,66100543478261 0,00279017857142857 0,266862170087977
37 5 0,22758152173913 1,73505434782609 0,0113216861263736 0,186217008797654
37 6 0,202445652173913 1,58559782608696 0,021967290521978 0,178885630498534
37 7 0,209239130434783 2,44361413043478 0,00705056662087912 0,171554252199413
37 8 0,221467391304348 1,60597826086957 0,000160971840659341 0,200879765395894
38 1 0,201086956521739 1,80027173913043 0,00162044986263736 0,0733137829912024
38 2 0,210597826086957 2,20108695652174 0,0947050995879121 0,164222873900293
38 3 0,273097826086957 1,29551630434783 0,000321943681318681 0,265395894428152
38 4 0,205163043478261 2,27989130434783 0,0986006181318681 0,1158357771261
38 5 0,19633152173913 1,52445652173913 0,00324089972527473 0,0791788856304985
38 6 0,186820652173913 1,63247282608696 0,0435375171703297 0,0542521994134897
38 7 0,180027173913043 1,62771739130435 0,0131353021978022 0,0483870967741935
38 8 0,205163043478261 1,39334239130435 0,000708276098901099 0,0586510263929619
39 1 0,268342391304348 1,31182065217391 0,000558035714285714 0,197947214076246
39 2 0,210597826086957 1,65489130434783 0,0788762019230769 0,153958944281525
39 3 0,246603260869565 1,73573369565217 0,0227506868131868 0,158357771260997
39 4 0,220788043478261 1,46535326086957 0,00731885302197802 0,12316715542522
39 5 0,20991847826087 1,63111413043478 0,000783396291208791 0,178885630498534
39 6 0,211277173913043 1,62975543478261 0,0816341861263736 0,127565982404692
39 7 0,256114130434783 2,15149456521739 0,000772664835164835 0,215542521994135
39 8 0,226902173913043 2,37024456521739 0,0408331902472527 0,1158357771261
40 1 0,199728260869565 2,40217391304348 0,000171703296703297 0,290322580645161
40 2 0,280570652173913 1,25339673913043 0 0,334310850439883
40 3 0,1875 1,40013586956522 0,0554708962912088 0,24633431085044
40 4 0,173233695652174 1,47758152173913 0,0224180116758242 0,153958944281525
40 5 0,213994565217391 1,77377717391304 0,0746480082417582 0,162756598240469
40 6 0,224184782608696 1,52173913043478 0,0912603021978022 0,164222873900293
40 7 0,206521739130435 1,95244565217391 0,0323982657967033 0,124633431085044
40 8 0,247961956521739 1,26494565217391 8,58516483516484E-05 0,278592375366569
41 1 0,191576086956522 1,57540760869565 0,000236092032967033 0,171554252199413
41 2 0,223505434782609 1,4741847826087 0,000697544642857143 0,23900293255132
41 3 0,154891304347826 1,59646739130435 0,0130172561813187 0,161290322580645
41 4 0,185461956521739 2,76086956521739 0,015614268543956 0,139296187683284
41 5 0,205842391304348 1,47350543478261 0,000193166208791209 0,140762463343109
41 6 0,218070652173913 2,70923913043478 0,020271720467033 0,149560117302053
41 7 0,184103260869565 1,60326086956522 0,000332675137362637 0,104105571847507
41 8 0,202445652173913 1,53260869565217 0,00591303228021978 0,153958944281525
42 1 0,292119565217391 1,265625 0,0460379464285714 0,234604105571848
42 2 0,205163043478261 1,68953804347826 0,0252725789835165 0,19941348973607
42 3 0,197690217391304 1,40557065217391 0,0724051339285714 0,211143695014663
42 4 0,213994565217391 1,69089673913043 0,0236628605769231 0,148093841642229
42 5 0,218070652173913 1,59782608695652 0,00010731456043956 0,195014662756598
42 6 0,19633152173913 1,42051630434783 0,0583254635989011 0,178885630498534
42 7 0,214673913043478 1,58084239130435 0,0475618131868132 0,156891495601173
42 8 0,198369565217391 1,80842391304348 0,0406936813186813 0,153958944281525
43 1 0,22554347826087 1,71263586956522 0,0707095638736264 0,193548387096774
43 2 0,284646739130435 1,46603260869565 0,000912173763736264 0,224340175953079
43 3 0,25883152173913 1,32608695652174 0,000826322115384615 0,200879765395894
43 4 0,271739130434783 2,5679347826087 0,0132962740384615 0,200879765395894
43 5 0,222146739130435 1,94157608695652 0,0566620879120879 0,164222873900293
43 6 0,20991847826087 2,13179347826087 0,0431619162087912 0,131964809384164
43 7 0,161684782608696 1,59375 0,0124377575549451 0,12316715542522
43 8 0,205842391304348 1,79415760869565 0,0156571943681319 0,170087976539589
44 1 0,212635869565217 1,62296195652174 0,000686813186813187 0,190615835777126
44 2 0,199048913043478 1,5679347826087 0,000397063873626374 0,0645161290322581
44 3 0,19429347826087 1,82472826086957 0,00895003434065934 0,0747800586510264
44 4 0,245923913043478 1,52989130434783 0 0,214076246334311
44 5 0,199728260869565 1,76290760869565 0,000622424450549451 0,178885630498534
44 6 0,229619565217391 2,58152173913043 0 0,214076246334311
44 7 0,208559782608696 1,50475543478261 7,51201923076923E-05 0,186217008797654
44 8 0,207880434782609 1,70244565217391 7,51201923076923E-05 0,171554252199413
45 1 0,212635869565217 1,94089673913043 0,00883198832417582 0,228739002932551
45 2 0,216032608695652 2,37839673913043 0,0355533138736264 0,24633431085044
45 3 0,201086956521739 1,6664402173913 0,00240384615384615 0,243401759530792
45 4 0,21195652173913 1,88586956521739 0,0165693681318681 0,095307917888563
45 5 0,222826086956522 1,49796195652174 0,000558035714285714 0,243401759530792
45 6 0,242527173913043 1,1664402173913 0,104266826923077 0,104105571847507
45 7 0,160326086956522 1,90828804347826 0,00853150755494505 0,0909090909090909
45 8 0,233016304347826 1,48165760869565 0,00217848557692308 0,161290322580645
46 1 0,199048913043478 1,46875 0,000375600961538462 0,120234604105572
46 2 0,25679347826087 1,55095108695652 0 0,234604105571848
46 3 0,19633152173913 1,50747282608696 0,00378820398351648 0,161290322580645
46 4 0,252038043478261 1,42595108695652 0,000375600961538462 0,274193548387097
46 5 0,205163043478261 1,81725543478261 7,51201923076923E-05 0,13049853372434
46 6 0,204483695652174 1,50747282608696 0,000214629120879121 0,142228739002933
46 7 0,197010869565217 1,96263586956522 0,00393844436813187 0,109970674486804
46 8 0,208559782608696 1,4789402173913 0,0010731456043956 0,164222873900293
47 1 0,234375 1,56725543478261 0,0535499656593407 0,156891495601173
47 2 0,245244565217391 1,44429347826087 0,00103021978021978 0,18475073313783
47 3 0,131114130434783 1,64877717391304 0,000858516483516484 0,131964809384164
47 4 0,215353260869565 1,26426630434783 0,0683379120879121 0,136363636363636
47 5 0,248641304347826 2,58084239130435 0,000128777472527473 0,189149560117302
47 6 0,218070652173913 1,64741847826087 0,0103880494505495 0,175953079178886
47 7 0,214673913043478 2,08288043478261 0,000504378434065934 0,152492668621701
47 8 0,177989130434783 1,45244565217391 0,0377532623626374 0,149560117302053
48 1 0,201086956521739 2,20652173913043 0,00150240384615385 0,143695014662757
48 2 0,220108695652174 1,90149456521739 0 0,262463343108504
48 3 0,210597826086957 2,08967391304348 0,00040779532967033 0,181818181818182
48 4 0,158967391304348 2,1773097826087 0,000332675137362637 0,209677419354839
48 5 0,192934782608696 1,77309782608696 0,00109460851648352 0,139296187683284
48 6 0,264266304347826 1,34035326086957 0 0,244868035190616
48 7 0,22554347826087 1,77989130434783 1,0731456043956E-05 0,186217008797654
48 8 0,201766304347826 1,41372282608696 0 0,259530791788856
49 1 0,211277173913043 1,66508152173913 0,000279017857142857 0,228739002932551
49 2 0,198369565217391 2,25271739130435 0,0110641311813187 0,1158357771261
49 3 0,183423913043478 2,55978260869565 0,000257554945054945 0,0469208211143695
49 4 0,213994565217391 1,96739130434783 0,00209263392857143 0,159824046920821
49 5 0,208559782608696 1,48301630434783 0 0,218475073313783
49 6 0,19633152173913 1,76834239130435 0,000150240384615385 0,181818181818182
49 7 0,214673913043478 1,49932065217391 0,000150240384615385 0,209677419354839
49 8 0,200407608695652 1,55570652173913 0,000193166208791209 0,168621700879765
50 1 0,277173913043478 1,0570652173913 0,000761933379120879 0,357771260997067
50 2 0,224864130434783 1,33899456521739 0,061770260989011 0,0571847507331378
50 3 0,300951086956522 1,05366847826087 0,00106241414835165 0,249266862170088
50 4 0,265625 1,89130434782609 0,0770411229395604 0,265395894428152
50 5 0,194972826086957 1,76426630434783 0,0310675652472527 0,159824046920821
50 6 0,232336956521739 1,41372282608696 0,0539255666208791 0,203812316715543
50 7 0,306385869565217 1,85869565217391 0,0453940590659341 0,318181818181818
50 8 0,184103260869565 1,20991847826087 0,0721690418956044 0,218475073313783
51 1 0,203125 2,55910326086957 0,0407151442307692 0,0967741935483871
51 2 0,213994565217391 1,30434782608696 0,072512448489011 0,101173020527859
51 3 0,289402173913043 1,20584239130435 0,000386332417582418 0,247800586510264
51 4 0,204483695652174 1,37160326086957 0,000890710851648352 0,0894428152492669
51 5 0,17866847826087 1,671875 0,053464114010989 0,063049853372434
51 6 0,197690217391304 1,59375 0,00206043956043956 0,0850439882697947
51 7 0,192934782608696 1,68410326086957 0,000493646978021978 0,0747800586510264
51 8 0,193614130434783 1,63926630434783 0,0776742788461538 0,0674486803519062
52 1 0,207201086956522 1,77241847826087 1,0731456043956E-05 0,165689149560117
52 2 0,173913043478261 1,86888586956522 0 0,152492668621701
52 3 0,155570652173913 1,96739130434783 0,00092290521978022 0,107038123167155
52 4 0,219429347826087 2,859375 0,00364869505494506 0,109970674486804
52 5 0,175271739130435 1,72350543478261 0,000150240384615385 0,13049853372434
52 6 0,155570652173913 2,54415760869565 0,0148094093406593 0,139296187683284
52 7 0,03125 2,48097826086957 0,00347699175824176 0,133431085043988
52 8 0,193614130434783 1,60461956521739 0,000193166208791209 0,120234604105572
53 1 0,151494565217391 1,83220108695652 3,21943681318681E-05 0,161290322580645
53 2 0,192934782608696 2,296875 7,51201923076923E-05 0,153958944281525
53 3 0,309103260869565 1,73913043478261 0 0,293255131964809
53 4 0,175271739130435 1,69089673913043 0,00118046016483516 0,153958944281525
53 5 0,238451086956522 1,35801630434783 0,000665350274725275 0,244868035190616
53 6 0,239130434782609 1,45244565217391 0,000257554945054945 0,187683284457478
53 7 0,231657608695652 1,45380434782609 0,00193166208791209 0,164222873900293
53 8 0,195652173913043 2,03872282608696 0,00281164148351648 0,129032258064516
54 1 0,366847826086957 1,20380434782609 0 0,381231671554252
54 2 0,222826086956522 1,69633152173913 0,0133499313186813 0,197947214076246
54 3 0,188179347826087 1,41372282608696 0,0509958791208791 0,136363636363636
54 4 0,154891304347826 2,66576086956522 0,0137362637362637 0,0909090909090909
54 5 0,213315217391304 1,51494565217391 0,0162152300824176 0,230205278592375
54 6 0,218070652173913 2,49728260869565 0,00382039835164835 0,218475073313783
54 7 0,216711956521739 1,66711956521739 0,0090573489010989 0,187683284457478
54 8 0,205163043478261 1,57948369565217 0,0709456559065934 0,131964809384164
55 1 0,233695652173913 1,55502717391304 0 0,225806451612903
55 2 0,217391304347826 1,54483695652174 7,51201923076923E-05 0,203812316715543
55 3 0,192934782608696 1,96059782608696 1,0731456043956E-05 0,190615835777126
55 4 0,198369565217391 2,0054347826087 0 0,197947214076246
55 5 0,22554347826087 1,68002717391304 1,0731456043956E-05 0,208211143695015
55 6 0,184103260869565 2,66983695652174 0,000332675137362637 0,105571847507331
55 7 0,21875 2,17663043478261 0 0,108504398826979
55 8 0,260869565217391 2,6351902173913 0,000547304258241758 0,212609970674487
56 1 0,220788043478261 1,36141304347826 0,0219029017857143 0,164222873900293
56 2 0,238451086956522 1,44429347826087 0,0178571428571429 0,218475073313783
56 3 0,258152173913043 1,46807065217391 0,00390625 0,228739002932551
56 4 0,252717391304348 1,25407608695652 0,000676081730769231 0,25366568914956
56 5 0,20991847826087 1,59782608695652 0,0166874141483516 0,152492668621701
56 6 0,193614130434783 1,46739130434783 0,000600961538461538 0,155425219941349
56 7 0,207201086956522 1,59442934782609 8,58516483516484E-05 0,209677419354839
56 8 0,220108695652174 1,70176630434783 2,14629120879121E-05 0,146627565982405
57 1 0,341032608695652 1,26426630434783 6,43887362637363E-05 0,504398826979472
57 2 0,273777173913043 1,53057065217391 0,0182864010989011 0,341642228739003
57 3 0,205842391304348 2,60258152173913 0,0682949862637363 0,193548387096774
57 4 0,220108695652174 1,6460597826087 0,00483988667582418 0,0909090909090909
57 5 0,270380434782609 2,52717391304348 0,00219994848901099 0,212609970674487
57 6 0,20991847826087 1,27785326086957 0,136117788461538 0,193548387096774
57 7 0,231657608695652 1,47214673913043 0,0897149725274725 0,200879765395894
57 8 0,241847826086957 1,72078804347826 0,0835551167582418 0,121700879765396
58 1 0,138586956521739 1,70380434782609 0,0158503605769231 0,17741935483871
58 2 0,1875 1,74252717391304 0,0343621222527473 0,178885630498534
58 3 0,198369565217391 1,94565217391304 0,010978279532967 0,127565982404692
58 4 0,211277173913043 1,59375 0,0237165178571429 0,203812316715543
58 5 0,20991847826087 1,85801630434783 0,0258520776098901 0,189149560117302
58 6 0,236413043478261 1,76290760869565 0,000965831043956044 0,268328445747801
58 7 0,230298913043478 1,55298913043478 0,0194561298076923 0,252199413489736
58 8 0,211277173913043 2,48505434782609 0,0139508928571429 0,1158357771261
59 1 0,189538043478261 1,52173913043478 0 0,202346041055718
59 2 0,209239130434783 1,94701086956522 0,0310782967032967 0,19208211143695
59 3 0,201086956521739 1,59035326086957 0,00507597870879121 0,175953079178886
59 4 0,174592391304348 2,75135869565217 0,060063959478022 0,225806451612903
59 5 0,277173913043478 1,35054347826087 0,00051510989010989 0,331378299120235
59 6 0,213994565217391 1,81046195652174 0,0110104739010989 0,161290322580645
59 7 0,241847826086957 1,44633152173913 0,0399854052197802 0,316715542521994
59 8 0,235054347826087 1,63858695652174 0,0404253949175824 0,284457478005865
60 1 0,252717391304348 1,609375 3,21943681318681E-05 0,268328445747801
60 2 0,283967391304348 1,31725543478261 0,000429258241758242 0,25366568914956
60 3 0,200407608695652 1,70176630434783 0,0219350961538462 0,219941348973607
60 4 0,218070652173913 1,44089673913043 0,0345874828296703 0,228739002932551
60 5 0,219429347826087 1,70788043478261 0,0781571943681319 0,18475073313783
60 6 0,276494565217391 2,23641304347826 0,079831301510989 0,165689149560117
60 7 0,235054347826087 0,418478260869565 0,00112680288461538 0,117302052785924
60 8 0,20991847826087 2,14673913043478 0,0552562671703297 0,231671554252199
61 1 0,235733695652174 2,66847826086957 5,36572802197802E-05 0,139296187683284
61 2 0,201086956521739 1,6664402173913 0,000139508928571429 0,171554252199413
61 3 0,27445652173913 1,75883152173913 0,000236092032967033 0,243401759530792
61 4 0,255434782608696 1,39538043478261 0 0,247800586510264
61 5 0,201766304347826 1,75 0 0,145161290322581
61 6 0,215353260869565 2,42459239130435 2,14629120879121E-05 0,142228739002933
61 7 0,202445652173913 1,984375 1,0731456043956E-05 0,136363636363636
61 8 0,198369565217391 1,84103260869565 0 0,165689149560117
62 1 0,259510869565217 1,62364130434783 1,0731456043956E-05 0,255131964809384
62 2 0,172554347826087 2,5414402173913 0,00170630151098901 0,189149560117302
62 3 0,192934782608696 2,00951086956522 0,00348772321428571 0,171554252199413
62 4 0,197690217391304 1,60869565217391 0,00361650068681319 0,0718475073313783
62 5 0,172554347826087 1,79483695652174 0,0307456215659341 0,108504398826979
62 6 0,1875 2,86073369565217 0,0113431490384615 0,1158357771261
62 7 0,228940217391304 1,92527173913043 8,58516483516484E-05 0,212609970674487
62 8 0,105978260869565 1,73369565217391 0,00046145260989011 0,131964809384164
63 1 0,191576086956522 1,83016304347826 0,000268286401098901 0,156891495601173
63 2 0,213315217391304 2,71399456521739 0,000321943681318681 0,0909090909090909
63 3 0,19633152173913 1,5366847826087 0,000901442307692308 0,124633431085044
63 4 0,192934782608696 1,6820652173913 0,000214629120879121 0,102639296187683
63 5 0,14741847826087 1,93410326086957 5,36572802197802E-05 0,0982404692082111
63 6 0,169836956521739 1,0258152173913 0,00351991758241758 0,102639296187683
63 7 0,213315217391304 2,88315217391304 0,000171703296703297 0,102639296187683
63 8 0,171195652173913 1,97622282608696 0,000332675137362637 0,102639296187683
64 1 0,279211956521739 1,5523097826087 0,000118046016483516 0,341642228739003
64 2 0,263586956521739 1,48165760869565 0,0125665350274725 0,32258064516129
64 3 0,293478260869565 1,94904891304348 0 0,354838709677419
64 4 0,25 1,55842391304348 0,00864955357142857 0,338709677419355
64 5 0,309103260869565 2,40353260869565 0,00040779532967033 0,335777126099707
64 6 0,24320652173913 1,70380434782609 0,00635302197802198 0,312316715542522
64 7 0,318614130434783 2,24184782608696 0,00332675137362637 0,404692082111437
64 8 0,220108695652174 1,73029891304348 0,00581644917582418 0,18475073313783
65 1 0,3125 1,48777173913043 0,0176317822802198 0,325513196480938
65 2 0,268342391304348 1,15760869565217 0,0534963083791209 0,319648093841642
65 3 0,328125 1,44836956521739 0,0495364010989011 0,250733137829912
65 4 0,342391304347826 1,33627717391304 0,0671789148351648 0,30791788856305
65 5 0,176630434782609 1,73641304347826 0,00104095123626374 0,095307917888563
65 6 0,247961956521739 1,65353260869565 0,00447501717032967 0,321114369501466
65 7 0,241847826086957 1,50203804347826 0,0611049107142857 0,233137829912023
65 8 0,164402173913043 1,48233695652174 0,0884915865384615 0,0498533724340176
66 1 0,219429347826087 1,51902173913043 0,00441062843406593 0,149560117302053
66 2 0,236413043478261 1,5054347826087 0,0117831387362637 0,152492668621701
66 3 0,197690217391304 1,57880434782609 0,0139294299450549 0,148093841642229
66 4 0,232336956521739 1,55095108695652 0,00446428571428571 0,120234604105572
66 5 0,203125 2,03464673913043 0,00115899725274725 0,156891495601173
66 6 0,216032608695652 2,61345108695652 0,035145518543956 0,170087976539589
66 7 0,197010869565217 1,90149456521739 0,0432263049450549 0,112903225806452
66 8 0,218070652173913 1,65896739130435 0,00351991758241758 0,196480938416422
67 1 0,198369565217391 2,73097826086957 0,000118046016483516 0,146627565982405
67 2 0,192255434782609 1,69021739130435 0,00206043956043956 0,161290322580645
67 3 0,203125 1,86684782608696 8,58516483516484E-05 0,165689149560117
67 4 0,19429347826087 1,7445652173913 0,000279017857142857 0,13782991202346
67 5 0,185461956521739 1,57744565217391 0 0,124633431085044
67 6 0,216032608695652 1,77445652173913 9,65831043956044E-05 0,171554252199413
67 7 0,203125 1,85258152173913 0,000300480769230769 0,131964809384164
67 8 0,206521739130435 1,82948369565217 0,000193166208791209 0,151026392961877
68 1 0,224864130434783 1,44701086956522 0,00770518543956044 0,167155425219941
68 2 0,230978260869565 1,37296195652174 0,010506095467033 0,237536656891496
68 3 0,197690217391304 1,46739130434783 0,00236092032967033 0,265395894428152
68 4 0,277853260869565 1,48709239130435 0,00145947802197802 0,319648093841642
68 5 0,244565217391304 1,23641304347826 0,00524768200549451 0,181818181818182
68 6 0,251358695652174 1,38383152173913 0 0,205278592375367
68 7 0,229619565217391 1,98505434782609 0,00251116071428571 0,159824046920821
68 8 0,216032608695652 1,43002717391304 8,58516483516484E-05 0,156891495601173
69 1 0,202445652173913 1,61752717391304 3,21943681318681E-05 0,102639296187683
69 2 0,198369565217391 1,44157608695652 0,00872467376373626 0,0645161290322581
69 3 0,251358695652174 2,10665760869565 1,0731456043956E-05 0,249266862170088
69 4 0,173913043478261 2,44089673913043 0,00789835164835165 0,170087976539589
69 5 0,199048913043478 1,66372282608696 0,00780176854395604 0,190615835777126
69 6 0,173913043478261 1,9429347826087 0,00522621909340659 0,170087976539589
69 7 0,206521739130435 1,87160326086957 0,000236092032967033 0,151026392961877
69 8 0,1875 1,8335597826087 0,00383112980769231 0,124633431085044
70 1 0,238451086956522 2,24048913043478 0,000450721153846154 0,197947214076246
70 2 0,199728260869565 1,79008152173913 0,00775884271978022 0,190615835777126
70 3 0,223505434782609 1,42255434782609 0,0341796875 0,17741935483871
70 4 0,216711956521739 2,54959239130435 0,00160971840659341 0,134897360703812
70 5 0,210597826086957 1,92051630434783 0,0077159168956044 0,1158357771261
70 6 0,201766304347826 1,77038043478261 0,00838126717032967 0,124633431085044
70 7 0,212635869565217 1,5054347826087 0,000214629120879121 0,148093841642229
70 8 0,220788043478261 1,53192934782609 0,00154532967032967 0,195014662756598
71 1 0,193614130434783 1,88654891304348 0 0,1158357771261
71 2 0,21195652173913 1,81929347826087 0,000257554945054945 0,104105571847507
71 3 0,220108695652174 1,9429347826087 0 0,167155425219941
71 4 0,253396739130435 2,37228260869565 0 0,175953079178886
71 5 0,228260869565217 1,45923913043478 0 0,183284457478006
71 6 0,211277173913043 1,82880434782609 0 0,140762463343109
71 7 0,216711956521739 1,72078804347826 0 0,180351906158358
71 8 0,279211956521739 1,5726902173913 5,36572802197802E-05 0,221407624633431
72 1 0,200407608695652 2,32676630434783 0,0303914835164835 0,134897360703812
72 2 0,221467391304348 1,57540760869565 0,023931146978022 0,203812316715543
72 3 0,235054347826087 1,49252717391304 0,0242530906593407 0,24633431085044
72 4 0,144701086956522 2,07744565217391 0,000547304258241758 0,159824046920821
72 5 0,186141304347826 1,99524456521739 0,0673398866758242 0,159824046920821
72 6 0,207880434782609 2,70516304347826 0,0298763736263736 0,195014662756598
72 7 0,246603260869565 1,55570652173913 0,000815590659340659 0,228739002932551
72 8 0,201766304347826 1,80095108695652 0,000837053571428571 0,13049853372434
73 1 0,235733695652174 2,16508152173913 0,0935568337912088 0,151026392961877
73 2 0,199728260869565 1,39809782608696 0,051521720467033 0,13049853372434
73 3 0,255434782608696 2,39334239130435 0,0438916552197802 0,146627565982405
73 4 0,200407608695652 1,484375 0,000858516483516484 0,0997067448680352
73 5 0,247282608695652 2,55978260869565 0,0317973042582418 0,203812316715543
73 6 0,192255434782609 1,875 0,0929558722527472 0,124633431085044
73 7 0,205842391304348 1,72146739130435 0,0601176167582418 0,140762463343109
73 8 0,199728260869565 1,58423913043478 0,0468106112637363 0,139296187683284
74 1 0,188858695652174 1,49252717391304 0,00422819368131868 0,1158357771261
74 2 0,224864130434783 1,40217391304348 0,0112894917582418 0,149560117302053
74 3 0,205842391304348 2,01222826086957 0,0260559752747253 0,0586510263929619
74 4 0,198369565217391 1,68002717391304 0,00118046016483516 0,104105571847507
74 5 0,193614130434783 1,63111413043478 0,0741758241758242 0,095307917888563
74 6 0,190217391304348 1,68070652173913 0,000236092032967033 0,12316715542522
74 7 0,193614130434783 1,86616847826087 0,0729309752747253 0,092375366568915
74 8 0,199728260869565 1,53804347826087 0,0153352506868132 0,0982404692082111
75 1 0,363451086956522 0,9375 0,000128777472527473 0,428152492668622
75 2 0,273777173913043 1,17866847826087 0,0137148008241758 0,294721407624633
75 3 0,188179347826087 1,24252717391304 0,0711066277472528 0,170087976539589
75 4 0,271059782608696 1,27173913043478 0,0283203125 0,294721407624633
75 5 0,283288043478261 1,55570652173913 0,00140582074175824 0,388563049853372
75 6 0,235733695652174 1,48097826086957 0,00473257211538462 0,195014662756598
75 7 0,239809782608696 1,54211956521739 0,00692178914835165 0,203812316715543
75 8 0,222146739130435 2,09578804347826 0,000879979395604396 0,159824046920821
76 1 0,349864130434783 2,33084239130435 0,0494827438186813 0,287390029325513
76 2 0,327445652173913 1,39334239130435 0,000686813186813187 0,348973607038123
76 3 0,32133152173913 2,1508152173913 0,000246823489010989 0,326979472140762
76 4 0,251358695652174 1,34375 0,0272257039835165 0,287390029325513
76 5 0,235054347826087 1,76970108695652 0,00671789148351648 0,275659824046921
76 6 0,294836956521739 1,41372282608696 0,000590230082417582 0,30058651026393
76 7 0,311820652173913 1,21399456521739 0,000332675137362637 0,360703812316716
76 8 0,205842391304348 1,58695652173913 0,00137362637362637 0,140762463343109
77 1 0,258152173913043 1,52989130434783 0,000268286401098901 0,378299120234604
77 2 0,181385869565217 1,96942934782609 0,00316577953296703 0,1158357771261
77 3 0,199728260869565 1,79891304347826 0,0151206215659341 0,136363636363636
77 4 0,203804347826087 1,6304347826087 0,0623926854395604 0,13782991202346
77 5 0,226902173913043 2,40625 0,000182434752747253 0,234604105571848
77 6 0,226222826086957 1,77309782608696 0,000611692994505495 0,24633431085044
77 7 0,163722826086957 1,7554347826087 0,000139508928571429 0,159824046920821
77 8 0,221467391304348 1,31385869565217 0,0251008756868132 0,227272727272727
78 1 0,212635869565217 1,55298913043478 0,0350274725274725 0,13049853372434
78 2 0,247282608695652 1,46942934782609 0,000525841346153846 0,181818181818182
78 3 0,201086956521739 1,48845108695652 0,0907237293956044 0,107038123167155
78 4 0,264945652173913 1,46671195652174 0,000354138049450549 0,206744868035191
78 5 0,159646739130435 1,51766304347826 0,0350918612637363 0,151026392961877
78 6 0,233695652173913 1,52173913043478 0,000450721153846154 0,165689149560117
78 7 0,276494565217391 1,36820652173913 0,000686813186813187 0,247800586510264
78 8 0,238451086956522 1,94497282608696 2,14629120879121E-05 0,189149560117302
79 1 0,167119565217391 2,70244565217391 0,000708276098901099 0,168621700879765
79 2 0,197690217391304 1,48505434782609 0,0111821771978022 0,143695014662757
79 3 0,223505434782609 1,40828804347826 0,00162044986263736 0,174486803519062
79 4 0,207880434782609 1,60122282608696 0,00139508928571429 0,180351906158358
79 5 0,19429347826087 1,82201086956522 0,00273652129120879 0,181818181818182
79 6 0,210597826086957 2,54347826086957 0,00577352335164835 0,178885630498534
79 7 0,199048913043478 2,7398097826087 0,0204112293956044 0,174486803519062
79 8 0,201086956521739 2,03804347826087 0,029296875 0,206744868035191
80 1 0,205842391304348 1,71127717391304 0 0,190615835777126
80 2 0,307065217391304 1,73641304347826 1,0731456043956E-05 0,24633431085044
80 3 0,215353260869565 2,35258152173913 6,43887362637363E-05 0,149560117302053
80 4 0,195652173913043 1,72146739130435 0,00155606112637363 0,193548387096774
80 5 0,228260869565217 1,66100543478261 0,00086924793956044 0,215542521994135
80 6 0,18070652173913 2,78192934782609 0,00276871565934066 0,134897360703812
80 7 0,21875 1,47010869565217 0,00186727335164835 0,19208211143695
80 8 0,239809782608696 1,58288043478261 3,21943681318681E-05 0,243401759530792
81 1 0,219429347826087 1,7866847826087 0,0385044642857143 0,189149560117302
81 2 0,209239130434783 1,92798913043478 0,0225789835164835 0,202346041055718
81 3 0,233695652173913 1,51358695652174 0,0210765796703297 0,25366568914956
81 4 0,22554347826087 1,59239130434783 0,0230833619505495 0,19941348973607
81 5 0,063179347826087 1,53464673913043 0,0592912946428571 0,186217008797654
81 6 0,286005434782609 1,17119565217391 0,00496866414835165 0,306451612903226
81 7 0,228940217391304 1,3851902173913 0,00509744162087912 0,222873900293255
81 8 0,299592391304348 1,19701086956522 0,00129850618131868 0,263929618768328
82 1 0,207880434782609 1,47961956521739 0,0379571600274725 0,121700879765396
82 2 0,16508152173913 1,6976902173913 0,0306812328296703 0,151026392961877
82 3 0,21875 1,32540760869565 0,00768372252747253 0,206744868035191
82 4 0,236413043478261 1,67798913043478 0,00451794299450549 0,152492668621701
82 5 0,20991847826087 1,62567934782609 0,030756353021978 0,190615835777126
82 6 0,192255434782609 1,59578804347826 0,023448231456044 0,107038123167155
82 7 0,186820652173913 1,83559782608696 0,0163332760989011 0,0821114369501466
82 8 0,19633152173913 2,29551630434783 0,0212804773351648 0,0909090909090909
83 1 0,238451086956522 2,14266304347826 0,000118046016483516 0,0835777126099707
83 2 0,215353260869565 1,52785326086957 0,000525841346153846 0,092375366568915
83 3 0,170516304347826 1,90557065217391 0,00040779532967033 0,0879765395894428
83 4 0,206521739130435 1,84782608695652 1,0731456043956E-05 0,145161290322581
83 5 0,1875 1,90013586956522 0,000482915521978022 0,121700879765396
83 6 0,184782608695652 2,1195652173913 1,0731456043956E-05 0,0879765395894428
83 7 0,214673913043478 1,84850543478261 0,0030262706043956 0,0454545454545455
83 8 0,206521739130435 1,31589673913043 0,0302519745879121 0,146627565982405
84 1 0,22554347826087 1,46467391304348 0 0,133431085043988
84 2 0,197010869565217 1,41304347826087 0,00121265453296703 0,121700879765396
84 3 0,205163043478261 2,05570652173913 0 0,146627565982405
84 4 0,21195652173913 1,36209239130435 0 0,133431085043988
84 5 0,217391304347826 2,68953804347826 6,43887362637363E-05 0,120234604105572
84 6 0,203125 1,85869565217391 0,00208190247252747 0,127565982404692
84 7 0,203125 1,54483695652174 0 0,134897360703812
84 8 0,205842391304348 1,83288043478261 0 0,105571847507331
85 1 0,207201086956522 1,90557065217391 0,000901442307692308 0,237536656891496
85 2 0,230978260869565 1,74388586956522 0,0373883928571429 0,19941348973607
85 3 0,22758152173913 2,30638586956522 0,0412839114010989 0,217008797653959
85 4 0,215353260869565 1,51970108695652 0,00744763049450549 0,224340175953079
85 5 0,189538043478261 1,53328804347826 0,0184044471153846 0,136363636363636
85 6 0,188179347826087 1,72961956521739 0,0770625858516484 0,171554252199413
85 7 0,203125 1,53736413043478 0,0218063186813187 0,215542521994135
85 8 0,198369565217391 1,37296195652174 0,000740470467032967 0,237536656891496
86 1 0,233016304347826 1,48369565217391 0,101594694368132 0,197947214076246
86 2 0,306385869565217 2,12024456521739 0 0,353372434017595
86 3 0,216032608695652 1,40896739130435 0,0154962225274725 0,186217008797654
86 4 0,239130434782609 1,49048913043478 0,00159898695054945 0,234604105571848
86 5 0,269021739130435 1,57065217391304 0,0189946771978022 0,255131964809384
86 6 0,277173913043478 1,14673913043478 0,000332675137362637 0,318181818181818
86 7 0,236413043478261 1,54415760869565 0,0979781936813187 0,183284457478006
86 8 0,25 1,34850543478261 0,0531636332417582 0,209677419354839
87 1 0,252038043478261 1,62364130434783 9,65831043956044E-05 0,243401759530792
87 2 0,229619565217391 2,5414402173913 0,000236092032967033 0,221407624633431
87 3 0,226902173913043 1,75815217391304 8,58516483516484E-05 0,206744868035191
87 4 0,145380434782609 1,62907608695652 0,000386332417582418 0,175953079178886
87 5 0,316576086956522 1,29008152173913 0 0,244868035190616
87 6 0,244565217391304 1,63790760869565 0,000160971840659341 0,222873900293255
87 7 0,25 2,1773097826087 2,14629120879121E-05 0,249266862170088
87 8 0,230978260869565 1,5414402173913 0 0,234604105571848
88 1 0,235733695652174 1,25475543478261 0,0470681662087912 0,282991202346041
88 2 0,242527173913043 1,65692934782609 0,0548913976648352 0,258064516129032
88 3 0,280570652173913 1,61888586956522 0,00573059752747253 0,285923753665689
88 4 0,266304347826087 1,3804347826087 0,000536572802197802 0,288856304985337
88 5 0,269021739130435 1,38451086956522 0,000332675137362637 0,269794721407625
88 6 0,256114130434783 1,50475543478261 0,016354739010989 0,293255131964809
88 7 0,246603260869565 1,38654891304348 0,0155284168956044 0,278592375366569
88 8 0,228260869565217 1,61277173913043 0,0558035714285714 0,206744868035191
89 1 0,215353260869565 1,67119565217391 0,0193273523351648 0,129032258064516
89 2 0,200407608695652 2,11209239130435 9,65831043956044E-05 0,241935483870968
89 3 0,233695652173913 1,33763586956522 0,0102378090659341 0,209677419354839
89 4 0,245244565217391 1,46263586956522 0,00010731456043956 0,215542521994135
89 5 0,235054347826087 1,56861413043478 0 0,217008797653959
89 6 0,186820652173913 1,59103260869565 0,00406722184065934 0,234604105571848
89 7 0,190217391304348 1,83899456521739 0,0031979739010989 0,158357771260997
89 8 0,224184782608696 1,53600543478261 0,0185976133241758 0,167155425219941
90 1 0,208559782608696 1,68410326086957 0 0,180351906158358
90 2 0,22758152173913 2,44429347826087 8,58516483516484E-05 0,162756598240469
90 3 0,222146739130435 1,4945652173913 2,14629120879121E-05 0,168621700879765
90 4 0,223505434782609 1,75339673913043 0,000246823489010989 0,167155425219941
90 5 0,22758152173913 1,72078804347826 0,00175995879120879 0,12316715542522
90 6 0,24116847826087 1,39402173913043 9,65831043956044E-05 0,167155425219941
90 7 0,245244565217391 1,57608695652174 0,000719007554945055 0,231671554252199
90 8 0,207201086956522 1,56725543478261 0,000343406593406593 0,162756598240469
91 1 0,216711956521739 1,50815217391304 0,000364869505494506 0,162756598240469
91 2 0,188858695652174 2,01834239130435 0,000118046016483516 0,0806451612903226
91 3 0,174592391304348 1,97146739130435 2,14629120879121E-05 0,0835777126099707
91 4 0,169836956521739 2,68478260869565 3,21943681318681E-05 0,0791788856304985
91 5 0,207880434782609 1,56657608695652 0 0,175953079178886
91 6 0,212635869565217 1,98301630434783 0,000257554945054945 0,0337243401759531
91 7 0,152173913043478 1,79347826086957 0,000386332417582418 0,0835777126099707
91 8 0,16304347826087 1,72350543478261 0,000343406593406593 0,0601173020527859
92 1 0,191576086956522 1,48573369565217 0,00152386675824176 0,0762463343108504
92 2 0,207201086956522 1,69836956521739 0,00133070054945055 0,149560117302053
92 3 0,198369565217391 1,40285326086957 0,00056876717032967 0,0571847507331378
92 4 0,179347826086957 1,64198369565217 0,00502232142857143 0,0865102639296188
92 5 0,243885869565217 1,34646739130435 1,0731456043956E-05 0,233137829912023
92 6 0,216032608695652 1,56046195652174 0,00121265453296703 0,121700879765396
92 7 0,206521739130435 1,45516304347826 0,00463598901098901 0,0997067448680352
92 8 0,202445652173913 1,4320652173913 0,00210336538461538 0,0337243401759531
93 1 0,219429347826087 2,41847826086957 0,000160971840659341 0,092375366568915
93 2 0,192934782608696 1,54483695652174 9,65831043956044E-05 0,104105571847507
93 3 0,184103260869565 1,69361413043478 0,000150240384615385 0,124633431085044
93 4 0,222826086956522 1,66440217391304 0 0,127565982404692
93 5 0,19633152173913 1,65964673913043 1,0731456043956E-05 0,0821114369501466
93 6 0,200407608695652 1,5101902173913 0 0,120234604105572
93 7 0,19429347826087 1,8023097826087 0 0,0865102639296188
93 8 0,19429347826087 1,56521739130435 0 0,102639296187683
94 1 0,269021739130435 1,21195652173913 0,0688208276098901 0,26099706744868
94 2 0,411684782608696 0,952445652173913 0,000847785027472528 0,3841642228739
94 3 0,254076086956522 0,951086956521739 0,00115899725274725 0,127565982404692
94 4 0,331521739130435 1,18546195652174 0,0345982142857143 0,291788856304985
94 5 0,266983695652174 1,17323369565217 0,0238667582417582 0,309384164222874
94 6 0,299592391304348 1,06657608695652 0,00481842376373626 0,403225806451613
94 7 0,269021739130435 1,10326086956522 0,0238452953296703 0,310850439882698
94 8 0,228940217391304 1,29415760869565 0,0325055803571429 0,244868035190616
95 1 0,230978260869565 1,5414402173913 0,000257554945054945 0,133431085043988
95 2 0,232336956521739 2,45448369565217 0,00491500686813187 0,0850439882697947
95 3 0,278532608695652 1,61413043478261 0,000171703296703297 0,272727272727273
95 4 0,21875 1,53532608695652 0,00456086881868132 0,118768328445748
95 5 0,216032608695652 2,4789402173913 0,0123304429945055 0,0337243401759531
95 6 0,209239130434783 1,59646739130435 0,00164191277472527 0,0483870967741935
95 7 0,184103260869565 1,51426630434783 0,0170630151098901 0,133431085043988
95 8 0,194972826086957 1,44225543478261 0,0043462396978022 0,124633431085044
96 1 0,293478260869565 1,82336956521739 0,00691105769230769 0,390029325513196
96 2 0,306385869565217 0,965353260869565 0,00607400412087912 0,388563049853372
96 3 0,306385869565217 1,27853260869565 0,0248433207417582 0,310850439882698
96 4 0,210597826086957 1,91711956521739 0,061276614010989 0,205278592375367
96 5 0,264945652173913 1,32948369565217 0,0106777987637363 0,329912023460411
96 6 0,213315217391304 1,43410326086957 0,0725231799450549 0,190615835777126
96 7 0,211277173913043 1,26698369565217 0,00769445398351648 0,187683284457478
96 8 0,224184782608696 1,78940217391304 0 0,181818181818182
97 1 0,232336956521739 1,42663043478261 0,0230833619505495 0,287390029325513
97 2 0,239130434782609 1,0679347826087 0,0506846668956044 0,206744868035191
97 3 0,45991847826087 1,02445652173913 4,29258241758242E-05 0,406158357771261
97 4 0,135869565217391 1,8960597826087 0,0187800480769231 0,151026392961877
97 5 0,238451086956522 1,29823369565217 0,0153567135989011 0,324046920821114
97 6 0,331521739130435 1,046875 6,43887362637363E-05 0,448680351906158
97 7 0,228940217391304 1,33899456521739 0,0436019059065934 0,200879765395894
97 8 0,257472826086957 1,45380434782609 0,0441599416208791 0,250733137829912
98 1 0,213994565217391 1,57404891304348 0,000386332417582418 0,0777126099706745
98 2 0,217391304347826 1,31114130434783 0 0,112903225806452
98 3 0,208559782608696 1,28600543478261 0,000171703296703297 0,0689149560117302
98 4 0,203125 1,66372282608696 0,000987293956043956 0,0586510263929619
98 5 0,214673913043478 1,48233695652174 0,000418526785714286 0,0337243401759531
98 6 0,205842391304348 1,94972826086957 0,000826322115384615 0,093841642228739
98 7 0,20991847826087 1,46875 7,51201923076923E-05 0,0381231671554252
98 8 0,22758152173913 2,65625 0,000761933379120879 0,0762463343108504
99 1 0,21195652173913 2,6664402173913 0,000311212225274725 0,202346041055718
99 2 0,228940217391304 2,57472826086957 9,65831043956044E-05 0,189149560117302
99 3 0,24320652173913 2,75203804347826 0,0433014251373626 0,156891495601173
99 4 0,210597826086957 1,87635869565217 0,000450721153846154 0,153958944281525
99 5 0,216711956521739 1,43682065217391 0,00276871565934066 0,180351906158358
99 6 0,266304347826087 1,59103260869565 0,00191019917582418 0,266862170087977
99 7 0,158967391304348 1,6460597826087 0,000193166208791209 0,203812316715543
99 8 0,254755434782609 1,37635869565217 0,0135752918956044 0,269794721407625
100 1 0,21195652173913 1,71195652173913 0,0043462396978022 0,108504398826979
100 2 0,254076086956522 1,15285326086957 0 0,156891495601173
100 3 0,255434782608696 2,07336956521739 0,000150240384615385 0,136363636363636
100 4 0,208559782608696 1,56453804347826 2,14629120879121E-05 0,0278592375366569
100 5 0,213994565217391 1,3023097826087 0,000225360576923077 0,0381231671554252
100 6 0,233016304347826 1,45584239130435 1,0731456043956E-05 0,190615835777126
100 7 0,154891304347826 2,43342391304348 5,36572802197802E-05 0,0454545454545455
100 8 0,177989130434783 1,52921195652174 1,0731456043956E-05 0,0894428152492669